SET FOREIGN_KEY_CHECKS = 0;

DROP TABLE IF EXISTS review,
purchase_detail,
purchase,
favorite,
product,
customer;

SET FOREIGN_KEY_CHECKS = 1;

-- phpMyAdmin SQL Dump
-- version 5.2.1
-- https://www.phpmyadmin.net/
--
-- Host: mysql326.phy.lolipop.lan
-- Generation Time: Dec 03, 2025 at 06:49 PM
-- Server version: 8.0.35
-- PHP Version: 8.2.12

SET SQL_MODE = "NO_AUTO_VALUE_ON_ZERO";

START TRANSACTION;

SET time_zone = "+00:00";

/*!40101 SET @OLD_CHARACTER_SET_CLIENT=@@CHARACTER_SET_CLIENT */
;
/*!40101 SET @OLD_CHARACTER_SET_RESULTS=@@CHARACTER_SET_RESULTS */
;
/*!40101 SET @OLD_COLLATION_CONNECTION=@@COLLATION_CONNECTION */
;
/*!40101 SET NAMES utf8mb4 */
;

--
-- Database: `LAA1607565-shop`
--

-- --------------------------------------------------------

--
-- Table structure for table `customer`
--

CREATE TABLE `customer` (
    `id` int NOT NULL,
    `name` varchar(100) NOT NULL,
    `address` varchar(200) NOT NULL,
    `login` varchar(100) NOT NULL,
    `role` varchar(20) NOT NULL DEFAULT 'user',
    `password` varchar(255) NOT NULL,
    `created_at` datetime NOT NULL DEFAULT CURRENT_TIMESTAMP
) ENGINE = InnoDB DEFAULT CHARSET = utf8mb4 COLLATE = utf8mb4_0900_ai_ci;

--
-- Dumping data for table `customer`
--

INSERT INTO
    `customer` (
        `id`,
        `name`,
        `address`,
        `login`,
        `role`,
        `password`,
        `created_at`
    )
VALUES (
        1,
        'admin',
        'admin',
        'admin',
        'admin',
        '$2y$10$tyaujTkay17HX8Isg7jBf.A5kHsMkZKSebbYpFWOULpGQkCo.P6Ba',
        '2025-11-03 00:38:01'
    ),
    (
        2,
        'Hanako',
        'Fukuoka 2-2-2',
        'hanako',
        'user',
        '$2y$10$exampleexampleexampleexampleexa',
        '2025-10-17 11:51:49'
    ),
    (
        4,
        'user',
        'user',
        'user',
        'user',
        '$2y$10$7rlYLAzJjpttC6FDyP/QQOZ69VH3LfZAVGcSEbQ4/5EnzGuIrqDYa',
        '2025-10-20 11:25:45'
    ),
    (
        5,
        '麻生花子',
        '福岡市1丁目',
        'あそう',
        'user',
        '$2y$10$wxg/iHGVe1zPEkQvBeXZ.u8fwRIX9ymPbbwwchzekXBKEJ7FMyfgu',
        '2025-10-27 11:33:29'
    ),
    (
        6,
        'ななみ',
        '福岡市博多区',
        'nanami',
        'user',
        '$2y$10$Nhdg.dAf0D5tYi4MacvyeO3Qn07G53EG26gw.onRbK7WYJplB3gU.',
        '2025-10-27 11:45:38'
    ),
    (
        7,
        '毛利潤奈',
        'ああああああ',
        '2301097@s.asojuku.ac.jp',
        'admin',
        '$2y$10$h1Zz1lSV4qDGnTvZPRc0Luk7F4PtPe7t6Wt8mv9kEjs4WllGyZJTG',
        '2025-10-29 11:41:51'
    ),
    (
        8,
        'saeka',
        '福岡',
        'a',
        'admin',
        '$2y$10$ufDJA0QKvz9hkgSGP5u9COhb3seJvdIewYDALeicvbXrjcpEn.Viq',
        '2025-10-31 12:14:35'
    ),
    (
        14,
        '田中',
        '福岡市博多区',
        'tanaka',
        'admin',
        '$2y$10$lvjXNLGG4WPoSgAsPL6vKO5is.cBZKubjcl/I.U6UeGbS54/JDfzu',
        '2025-11-05 11:45:45'
    ),
    (
        15,
        'いちご',
        '福岡',
        'ichigo',
        'user',
        '$2y$10$AqitXhBC10G6yeu8cjSvz.RVvAol/Hs8Z4T2frKAYzB4NphXUrdDK',
        '2025-11-07 10:08:25'
    ),
    (
        17,
        'DOAN',
        '福岡市博多区',
        'DOAN',
        'admin',
        '$2y$10$IspVPM2b3o326rryl6U8lOn62oaGXqoQG2JcwuQgsT5QpyolEnOVS',
        '2025-11-14 10:33:25'
    ),
    (
        18,
        'kako',
        '大阪',
        'kako',
        'user',
        '$2y$10$JuF0ycu6Dx5rtRWTNw8TXOL2mTl0Dg62hSH0PieuT6nirn2fjBuFy',
        '2025-11-28 11:29:43'
    );

-- --------------------------------------------------------

--
-- Table structure for table `favorite`
--

CREATE TABLE `favorite` (
    `customer_id` int NOT NULL,
    `product_id` int NOT NULL
) ENGINE = InnoDB DEFAULT CHARSET = utf8mb4 COLLATE = utf8mb4_0900_ai_ci;

--
-- Dumping data for table `favorite`
--

INSERT INTO
    `favorite` (`customer_id`, `product_id`)
VALUES (4, 1),
    (6, 1),
    (4, 2),
    (7, 2),
    (1, 5),
    (6, 8),
    (1, 27),
    (1, 38),
    (1, 46),
    (1, 51);

-- --------------------------------------------------------

--
-- Table structure for table `product`
--

CREATE TABLE `product` (
    `id` int NOT NULL,
    `name` varchar(100) NOT NULL,
    `category` varchar(50) NOT NULL DEFAULT 'その他',
    `price` int NOT NULL,
    `image_url` varchar(255) DEFAULT NULL,
    `description` text,
    `is_recommended` tinyint(1) NOT NULL DEFAULT '0',
    `created_at` datetime NOT NULL DEFAULT CURRENT_TIMESTAMP,
    `updated_at` datetime NOT NULL DEFAULT CURRENT_TIMESTAMP ON UPDATE CURRENT_TIMESTAMP
) ENGINE = InnoDB DEFAULT CHARSET = utf8mb4 COLLATE = utf8mb4_0900_ai_ci;

--
-- Dumping data for table `product`
--

INSERT INTO
    `product` (
        `id`,
        `name`,
        `category`,
        `price`,
        `image_url`,
        `description`,
        `is_recommended`,
        `created_at`,
        `updated_at`
    )
VALUES (
        1,
        'ミルキーミルクレープ',
        'ミルクレープ',
        380,
        'uploads/5968edd849ead397.jpg',
        '内容量:1個（約120g）\r\n箱サイズ:縦13cm × 横10cm × 高さ6cm\r\n賞味期限:冷蔵(製造日より3日間)\r\nお届け日:冷蔵便で発送。注文確定後3営業日以内に発送\r\n重量（梱包含む）:約220g\r\n目安栄養成分値（推定値）1個あたり エネルギー：320kcal たんぱく質：5.0g 脂質：21.0g 炭水化物：28.0g 食塩相当量：0.2g\r\n参考地：北海道\r\n特定原材料:卵、乳成分、小麦、大豆\r\n保存方法:要冷蔵（10℃以下で保存）',
        1,
        '2025-10-17 11:51:49',
        '2025-12-03 05:12:40'
    ),
    (
        2,
        'ミルクレープ',
        'ミルクレープ',
        220,
        'uploads/9a0039acffdeefc0.jpg',
        '内容量:1個（約120g）\r\n箱サイズ:縦13cm × 横10cm × 高さ6cm\r\n賞味期限:冷蔵(製造日より3日間)\r\nお届け日:冷蔵便で発送。注文確定後3営業日以内に発送\r\n重量（梱包含む）:約220g\r\n目安栄養成分値（推定値）1個あたり エネルギー：320kcal たんぱく質：5.0g 脂質：21.0g 炭水化物：28.0g 食塩相当量：0.2g\r\n参考地：北海道\r\n特定原材料:卵、乳成分、小麦、大豆\r\n保存方法:要冷蔵（10℃以下で保存）',
        0,
        '2025-10-17 11:51:49',
        '2025-12-03 05:12:24'
    ),
    (
        3,
        'チョコケーキ',
        'チョコケーキ',
        280,
        'uploads/83120ed2738528ab.jpg',
        '内容量:1個（約110g）\r\n箱サイズ:縦13cm × 横10cm × 高さ9cm\r\n賞味期限:冷蔵(製造日より3日間)\r\nお届け日:冷蔵便で発送。注文確定後3営業日以内に発送\r\n重量（梱包含む）:約200g\r\n目安栄養成分値（推定値）1個あたり エネルギー：380kcalたんぱく質：7.0g脂質：26.0g炭水化物：30.0g食塩相当量：0.3g\r\n参考地：北海道\r\n特定原材料:卵、乳成分、小麦、大豆\r\n保存方法:要冷蔵（10℃以下で保存）',
        0,
        '2025-10-17 11:51:49',
        '2025-12-03 05:12:06'
    ),
    (
        4,
        'チーズケーキ',
        'チーズケーキ',
        200,
        'uploads/738b1e23f60cd0d9.jpg',
        '内容量:1個（約120g）\r\n箱サイズ:縦13cm × 横10cm × 高さ6cm\r\n賞味期限:冷蔵(製造日より3日間)\r\nお届け日:冷蔵便で発送。注文確定後3営業日以内に発送\r\n重量（梱包含む）:約220g\r\n目安栄養成分値（推定値）1個あたり エネルギー：320kcal たんぱく質：5.0g 脂質：21.0g 炭水化物：28.0g 食塩相当量：0.2g\r\n参考地：北海道\r\n特定原材料:卵、乳成分、小麦、大豆\r\n保存方法:要冷蔵（10℃以下で保存）',
        0,
        '2025-10-17 11:51:49',
        '2025-12-03 05:11:40'
    ),
    (
        5,
        'プリンタルト',
        'その他',
        250,
        'https://hacca-aso2401360.ssl-lolipop.jp/2025/php2/orderly/image/pudding-tart.jpg',
        '内容量:1個\n箱サイズ:縦10cm × 横10cm × 高さ4cm (1個用箱を想定)\n賞味期限:冷蔵(製造日より5日間)\nお届け日:冷蔵便で発送。注文確定後5営業日以内に発送\n重量（梱包含む）:約150g\n目安栄養成分値（推定値）1個あたり エネルギー：200kcalたんぱく質：3.5g脂質：13.0g炭水化物：17.0g食塩相当量：0.1g\n参考地：北海道\n特定原材料:卵、乳成分、小麦、大豆\n保存方法:要冷蔵（10℃以下で保存）',
        0,
        '2025-10-17 11:51:49',
        '2025-11-11 10:56:52'
    ),
    (
        6,
        '京わらびもち',
        'その他',
        280,
        'uploads/7573dca8657be8e7.jpg',
        '内容量:250g（きな粉・黒蜜別添）\r\n箱サイズ:縦17cm × 横12cm × 高さ4cm\r\n賞味期限:製造日より10日間（未開封）\r\nお届け日:常温便で発送。注文確定後3営業日以内に発送\r\n重量（梱包含む）:約350g\r\n目安栄養成分値（推定値）100gあたり\r\nエネルギー：150kcalたんぱく質：0.5g脂質：0.1g炭水化物：37.0g食塩相当量：0g\r\n参考地：北海道\r\n特定原材料:大豆（きな粉による）\r\n保存方法:直射日光、高温多湿を避け常温で保存',
        0,
        '2025-10-17 11:51:49',
        '2025-12-03 05:11:18'
    ),
    (
        7,
        '黒ごま団子',
        'その他',
        120,
        'uploads/b846a971c0d63215.jpg',
        '内容量:1個（約120g）\r\n箱サイズ:縦13cm × 横10cm × 高さ6cm\r\n賞味期限:冷蔵(製造日より3日間)\r\nお届け日:冷蔵便で発送。注文確定後3営業日以内に発送\r\n重量（梱包含む）:約220g\r\n目安栄養成分値（推定値）1個あたり エネルギー：320kcal たんぱく質：5.0g 脂質：21.0g 炭水化物：28.0g 食塩相当量：0.2g\r\n参考地：北海道\r\n特定原材料:卵、乳成分、小麦、大豆\r\n保存方法:要冷蔵（10℃以下で保存）',
        0,
        '2025-10-17 11:51:49',
        '2025-12-03 05:11:02'
    ),
    (
        8,
        '和栗のパウンドケーキ',
        'その他',
        420,
        'uploads/2f50d7bb4ee25c0a.jpg',
        '内容量:1本（約250g）\r\n箱サイズ:縦18cm × 横8cm × 高さ7cm\r\n賞味期限:常温(製造日より20日間)\r\nお届け日:常温便で発送。注文確定後3営業日以内に発送\r\n重量（梱包含む）:約400g\r\n目安栄養成分値（推定値）1/6カットあたり\r\nエネルギー：220kcalたんぱく質：3.0g脂質：15.0g炭水化物：18.0g食塩相当量：0.1g\r\n参考地：北海道\r\n特定原材料:卵、乳成分、小麦、大豆\r\n保存方法:直射日光、高温多湿を避け常温で保存',
        0,
        '2025-10-17 11:51:49',
        '2025-12-03 05:10:39'
    ),
    (
        15,
        'いちごショート',
        'ショートケーキ',
        360,
        'uploads/30664735e0fbf745.jpg',
        '内容量:1個（約120g）\n箱サイズ:縦13cm × 横10cm × 高さ6cm\n賞味期限:冷蔵(製造日より3日間)\nお届け日:冷蔵便で発送。注文確定後3営業日以内に発送\n重量（梱包含む）:約220g\n目安栄養成分値（推定値）1個あたり エネルギー：320kcal たんぱく質：5.0g 脂質：21.0g 炭水化物：28.0g 食塩相当量：0.2g\n参考地：北海道\n特定原材料:卵、乳成分、小麦、大豆\n保存方法:要冷蔵（10℃以下で保存）',
        0,
        '2025-11-04 14:11:24',
        '2025-11-11 10:56:52'
    ),
    (
        16,
        '抹茶ショート',
        'ショートケーキ',
        340,
        'uploads/076a69d7429c69a6.png',
        '内容量:1個（約110g）\n箱サイズ:縦13cm × 横10cm × 高さ9cm\n賞味期限:冷蔵(製造日より3日間)\nお届け日:冷蔵便で発送。注文確定後3営業日以内に発送\n重量（梱包含む）:約200g\n目安栄養成分値（推定値）1個あたり エネルギー：330kcalたんぱく質：6.0g脂質：21.0g炭水化物：29.0g食塩相当量：0.3g\n参考地：北海道\n特定原材料:卵、乳成分、小麦、大豆\n保存方法:要冷蔵（10℃以下で保存）',
        0,
        '2025-11-04 14:11:24',
        '2025-11-11 10:56:52'
    ),
    (
        17,
        'チョコショート',
        'ショートケーキ',
        350,
        'uploads/8be3b1dd9d06b803.png',
        '内容量:1個（約110g）\n箱サイズ:縦13cm × 横10cm × 高さ9cm\n賞味期限:冷蔵(製造日より3日間)\nお届け日:冷蔵便で発送。注文確定後3営業日以内に発送\n重量（梱包含む）:約200g\n目安栄養成分値（推定値）1個あたり エネルギー：360kcalたんぱく質：7.0g脂質：25.0g炭水化物：29.0g食塩相当量：0.3g\n参考地：北海道\n特定原材料:卵、乳成分、小麦、大豆\n保存方法:要冷蔵（10℃以下で保存）',
        0,
        '2025-11-04 14:11:24',
        '2025-11-11 10:56:52'
    ),
    (
        18,
        'フルーツショート',
        'ショートケーキ',
        380,
        'uploads/ccbcb8e8e7ee06f7.png',
        '内容量:1個（約110g）\n箱サイズ:縦13cm × 横10cm × 高さ9cm\n賞味期限:冷蔵(製造日より3日間)\nお届け日:冷蔵便で発送。注文確定後3営業日以内に発送\n重量（梱包含む）:約200g\n目安栄養成分値（推定値）1個あたり エネルギー：330kcalたんぱく質：6.0g脂質：21.0g炭水化物：30.0g食塩相当量：0.3g\n参考地：北海道\n特定原材料:卵、乳成分、小麦、大豆、（その他フルーツ）\n保存方法:要冷蔵（10℃以下で保存）',
        0,
        '2025-11-04 14:11:24',
        '2025-11-11 10:56:52'
    ),
    (
        19,
        'モンブランショート',
        'ショートケーキ',
        420,
        'uploads/064be9dc3e719554.jpg',
        '内容量:1個（約110g）\n箱サイズ:縦13cm × 横10cm × 高さ9cm\n賞味期限:冷蔵(製造日より3日間)\nお届け日:冷蔵便で発送。注文確定後3営業日以内に発送\n重量（梱包含む）:約200g\n目安栄養成分値（推定値）1個あたり エネルギー：380kcalたんぱく質：6.0g脂質：26.0g炭水化物：30.0g食塩相当量：0.3g\n参考地：北海道\n特定原材料:卵、乳成分、小麦、大豆\n保存方法:要冷蔵（10℃以下で保存）',
        0,
        '2025-11-04 14:11:24',
        '2025-11-11 10:56:52'
    ),
    (
        20,
        'バナナショート',
        'ショートケーキ',
        320,
        'uploads/f1d75436433ac61d.jpg',
        '内容量:1個（約110g）\n箱サイズ:縦13cm × 横10cm × 高さ9cm\n賞味期限:冷蔵(製造日より3日間)\nお届け日:冷蔵便で発送。注文確定後3営業日以内に発送\n重量（梱包含む）:約200g\n目安栄養成分値（推定値）1個あたり エネルギー：350kcalたんぱく質：6.0g脂質：23.0g炭水化物：30.0g食塩相当量：0.3g\n参考地：北海道\n特定原材料:卵、乳成分、小麦、大豆、バナナ\n保存方法:要冷蔵（10℃以下で保存）',
        0,
        '2025-11-04 14:11:24',
        '2025-11-11 10:56:52'
    ),
    (
        21,
        'ブルーベリーショート',
        'ショートケーキ',
        360,
        'uploads/9ce42d418818ba36.jpg',
        '内容量:1個（約110g）\n箱サイズ:縦13cm × 横10cm × 高さ9cm\n賞味期限:冷蔵(製造日より3日間)\nお届け日:冷蔵便で発送。注文確定後3営業日以内に発送\n重量（梱包含む）:約200g\n目安栄養成分値（推定値）1個あたり エネルギー：300kcalたんぱく質：5.0g脂質：18.0g炭水化物：31.0g食塩相当量：0.3g\n参考地：北海道\n特定原材料:卵、乳成分、小麦、大豆\n保存方法:要冷蔵（10℃以下で保存）',
        1,
        '2025-11-04 14:11:24',
        '2025-11-11 10:56:52'
    ),
    (
        22,
        'ラズベリーショート',
        'ショートケーキ',
        360,
        'uploads/d8e3273cdbef85b4.jpg',
        '内容量:1個（約110g）\n箱サイズ:縦13cm × 横10cm × 高さ9cm\n賞味期限:冷蔵(製造日より3日間)\nお届け日:冷蔵便で発送。注文確定後3営業日以内に発送\n重量（梱包含む）:約200g\n目安栄養成分値（推定値）1個あたり エネルギー：300kcalたんぱく質：5.0g脂質：18.0g炭水化物：31.0g食塩相当量：0.3g\n参考地：北海道\n特定原材料:卵、乳成分、小麦、大豆\n保存方法:要冷蔵（10℃以下で保存）',
        0,
        '2025-11-04 14:11:24',
        '2025-11-11 10:56:52'
    ),
    (
        23,
        'ピーチショート',
        'ショートケーキ',
        360,
        'uploads/6bef72b739d4cd3f.jpg',
        '内容量:1個（約110g）\n箱サイズ:縦13cm × 横10cm × 高さ9cm\n賞味期限:冷蔵(製造日より3日間)\nお届け日:冷蔵便で発送。注文確定後3営業日以内に発送\n重量（梱包含む）:約200g\n目安栄養成分値（推定値）1個あたり エネルギー：310kcalたんぱく質：5.0g脂質：20.0g炭水化物：31.0g食塩相当量：0.3g\n参考地：北海道\n特定原材料:卵、乳成分、小麦、大豆、もも\n保存方法:要冷蔵（10℃以下で保存）',
        0,
        '2025-11-04 14:11:24',
        '2025-11-11 10:56:52'
    ),
    (
        24,
        'マンゴーショート',
        'ショートケーキ',
        380,
        'uploads/de5eb800190d9422.jpg',
        '内容量:1個（約110g）\n箱サイズ:縦13cm × 横10cm × 高さ9cm\n賞味期限:冷蔵(製造日より3日間)\nお届け日:冷蔵便で発送。注文確定後3営業日以内に発送\n重量（梱包含む）:約200g\n目安栄養成分値（推定値）1個あたり エネルギー：310kcalたんぱく質：5.0g脂質：20.0g炭水化物：31.0g食塩相当量：0.3g\n参考地：北海道\n特定原材料:卵、乳成分、小麦、大豆、マンゴー\n保存方法:要冷蔵（10℃以下で保存）',
        0,
        '2025-11-04 14:11:24',
        '2025-11-11 10:56:52'
    ),
    (
        25,
        'オレンジショート',
        'ショートケーキ',
        330,
        'uploads/d0bddcfde4a01504.jpg',
        '内容量:1個（約110g）\n箱サイズ:縦13cm × 横10cm × 高さ9cm\n賞味期限:冷蔵(製造日より3日間)\nお届け日:冷蔵便で発送。注文確定後3営業日以内に発送\n重量（梱包含む）:約200g\n目安栄養成分値（推定値）1個あたり エネルギー：330kcalたんぱく質：5.0g脂質：21.0g炭水化物：30.0g食塩相当量：0.3g\n参考地：北海道\n特定原材料:卵、乳成分、小麦、大豆、オレンジ\n保存方法:要冷蔵（10℃以下で保存）',
        0,
        '2025-11-04 14:11:24',
        '2025-11-11 10:56:52'
    ),
    (
        26,
        'レモンショート',
        'ショートケーキ',
        320,
        'uploads/63a5e6ef06f1e139.jpg',
        '内容量:1個（約110g）\n箱サイズ:縦13cm × 横10cm × 高さ9cm\n賞味期限:冷蔵(製造日より3日間)\nお届け日:冷蔵便で発送。注文確定後3営業日以内に発送\n重量（梱包含む）:約200g\n目安栄養成分値（推定値）1個あたり エネルギー：310kcalたんぱく質：5.0g脂質：20.0g炭水化物：30.0g食塩相当量：0.3g\n参考地：北海道\n特定原材料:卵、乳成分、小麦、大豆\n保存方法:要冷蔵（10℃以下で保存）',
        0,
        '2025-11-04 14:11:24',
        '2025-11-11 10:56:52'
    ),
    (
        27,
        'キャラメルショート',
        'ショートケーキ',
        360,
        'uploads/a1d77c0605fd569b.jpg',
        '内容量:1個（約110g）\n箱サイズ:縦13cm × 横10cm × 高さ9cm\n賞味期限:冷蔵(製造日より3日間)\nお届け日:冷蔵便で発送。注文確定後3営業日以内に発送\n重量（梱包含む）:約200g\n目安栄養成分値（推定値）1個あたり エネルギー：380kcalたんぱく質：6.0g脂質：26.0g炭水化物：30.0g食塩相当量：0.3g\n参考地：北海道\n特定原材料:卵、乳成分、小麦、大豆\n保存方法:要冷蔵（10℃以下で保存）',
        0,
        '2025-11-04 14:11:24',
        '2025-11-11 10:56:52'
    ),
    (
        28,
        'コーヒーショート',
        'ショートケーキ',
        340,
        'uploads/7e2306ea82918468.jpg',
        '内容量:1個（約110g）\n箱サイズ:縦13cm × 横10cm × 高さ9cm\n賞味期限:冷蔵(製造日より3日間)\nお届け日:冷蔵便で発送。注文確定後3営業日以内に発送\n重量（梱包含む）:約200g\n目安栄養成分値（推定値）1個あたり エネルギー：350kcalたんぱく質：6.0g脂質：23.0g炭水化物：30.0g食塩相当量：0.3g\n参考地：北海道\n特定原材料:卵、乳成分、小麦、大豆\n保存方法:要冷蔵（10℃以下で保存）',
        1,
        '2025-11-04 14:11:24',
        '2025-11-11 10:56:52'
    ),
    (
        29,
        'ほうじ茶ショート',
        'ショートケーキ',
        350,
        'uploads/209a62d541413aca.jpg',
        '内容量:1個（約110g）\n箱サイズ:縦13cm × 横10cm × 高さ9cm\n賞味期限:冷蔵(製造日より3日間)\nお届け日:冷蔵便で発送。注文確定後3営業日以内に発送\n重量（梱包含む）:約200g\n目安栄養成分値（推定値）1個あたり エネルギー：330kcalたんぱく質：6.0g脂質：21.0g炭水化物：29.0g食塩相当量：0.3g\n参考地：北海道\n特定原材料:卵、乳成分、小麦、大豆\n保存方法:要冷蔵（10℃以下で保存）',
        0,
        '2025-11-04 14:11:24',
        '2025-11-11 10:56:52'
    ),
    (
        30,
        'きなこショート',
        'ショートケーキ',
        330,
        'uploads/7cb49db4e85c0c57.jpg',
        '内容量:1個（約110g）\n箱サイズ:縦13cm × 横10cm × 高さ9cm\n賞味期限:冷蔵(製造日より3日間)\nお届け日:冷蔵便で発送。注文確定後3営業日以内に発送\n重量（梱包含む）:約200g\n目安栄養成分値（推定値）1個あたり エネルギー：360kcalたんぱく質：7.0g脂質：25.0g炭水化物：29.0g食塩相当量：0.3g\n参考地：北海道\n特定原材料:卵、乳成分、小麦、大豆\n保存方法:要冷蔵（10℃以下で保存）',
        0,
        '2025-11-04 14:11:24',
        '2025-11-11 10:56:52'
    ),
    (
        31,
        '黒ごまショート',
        'ショートケーキ',
        340,
        'uploads/5341714dc3e26d89.jpg',
        '内容量:1個（約120g）\n箱サイズ:縦13cm × 横10cm × 高さ6cm\n賞味期限:冷蔵(製造日より3日間)\nお届け日:冷蔵便で発送。注文確定後3営業日以内に発送\n重量（梱包含む）:約220g\n目安栄養成分値（推定値）1個あたり エネルギー：320kcal たんぱく質：5.0g 脂質：21.0g 炭水化物：28.0g 食塩相当量：0.2g\n参考地：北海道\n特定原材料:卵、乳成分、小麦、大豆\n保存方法:要冷蔵（10℃以下で保存）',
        0,
        '2025-11-04 14:11:24',
        '2025-11-11 10:56:52'
    ),
    (
        32,
        'ヨーグルトショート',
        'ショートケーキ',
        330,
        'uploads/fbf4850f887c4321.jpg',
        '内容量:1個（約110g）\n箱サイズ:縦13cm × 横10cm × 高さ9cm\n賞味期限:冷蔵(製造日より3日間)\nお届け日:冷蔵便で発送。注文確定後3営業日以内に発送\n重量（梱包含む）:約200g\n目安栄養成分値（推定値）1個あたり エネルギー：290kcalたんぱく質：7.0g脂質：18.0g炭水化物：27.0g食塩相当量：0.3g\n参考地：北海道\n特定原材料:卵、乳成分、小麦、大豆、ゼラチン\n保存方法:要冷蔵（10℃以下で保存）',
        0,
        '2025-11-04 14:11:24',
        '2025-11-11 10:56:52'
    ),
    (
        33,
        'ハチミツショート',
        'ショートケーキ',
        340,
        'uploads/beef648e5eea9e13.jpg',
        '内容量:1個（約120g）\n箱サイズ:縦13cm × 横10cm × 高さ6cm\n賞味期限:冷蔵(製造日より3日間)\nお届け日:冷蔵便で発送。注文確定後3営業日以内に発送\n重量（梱包含む）:約220g\n目安栄養成分値（推定値）1個あたり エネルギー：320kcal たんぱく質：5.0g 脂質：21.0g 炭水化物：28.0g 食塩相当量：0.2g\n参考地：北海道\n特定原材料:卵、乳成分、小麦、大豆\n保存方法:要冷蔵（10℃以下で保存）',
        0,
        '2025-11-04 14:11:24',
        '2025-11-11 10:56:52'
    ),
    (
        34,
        'さつまいもショート',
        'ショートケーキ',
        360,
        'uploads/2f6720300e750a74.png',
        '内容量:1個（約120g）\n箱サイズ:縦13cm × 横10cm × 高さ6cm\n賞味期限:冷蔵(製造日より3日間)\nお届け日:冷蔵便で発送。注文確定後3営業日以内に発送\n重量（梱包含む）:約220g\n目安栄養成分値（推定値）1個あたり エネルギー：320kcal たんぱく質：5.0g 脂質：21.0g 炭水化物：28.0g 食塩相当量：0.2g\n参考地：北海道\n特定原材料:卵、乳成分、小麦、大豆\n保存方法:要冷蔵（10℃以下で保存）',
        1,
        '2025-11-04 14:11:24',
        '2025-11-11 10:56:52'
    ),
    (
        35,
        '苺のホールケーキ',
        'ホールケーキ',
        2800,
        'uploads/ace1e1cab80eede9.png',
        '内容量:1個（約120g）\n箱サイズ:縦13cm × 横10cm × 高さ6cm\n賞味期限:冷蔵(製造日より3日間)\nお届け日:冷蔵便で発送。注文確定後3営業日以内に発送\n重量（梱包含む）:約220g\n目安栄養成分値（推定値）1個あたり エネルギー：320kcal たんぱく質：5.0g 脂質：21.0g 炭水化物：28.0g 食塩相当量：0.2g\n参考地：北海道\n特定原材料:卵、乳成分、小麦、大豆\n保存方法:要冷蔵（10℃以下で保存）',
        0,
        '2025-11-04 14:11:24',
        '2025-11-11 10:56:52'
    ),
    (
        36,
        'チョコレートホールケーキ',
        'ホールケーキ',
        3200,
        'uploads/c65b78664cb90a9c.png',
        '内容量:1個（約120g）\r\n箱サイズ:縦13cm × 横10cm × 高さ6cm\r\n賞味期限:冷蔵(製造日より3日間)\r\nお届け日:冷蔵便で発送。注文確定後3営業日以内に発送\r\n重量（梱包含む）:約220g\r\n目安栄養成分値（推定値）1個あたり エネルギー：320kcal たんぱく質：5.0g 脂質：21.0g 炭水化物：28.0g 食塩相当量：0.2g\r\n参考地：北海道\r\n特定原材料:卵、乳成分、小麦、大豆\r\n保存方法:要冷蔵（10℃以下で保存）',
        1,
        '2025-11-04 14:11:24',
        '2025-11-27 04:50:40'
    ),
    (
        37,
        'レアチーズホールケーキ',
        'ホールケーキ',
        3000,
        'uploads/db00fd1471084061.png',
        '内容量:1個（約120g）\n箱サイズ:縦13cm × 横10cm × 高さ6cm\n賞味期限:冷蔵(製造日より3日間)\nお届け日:冷蔵便で発送。注文確定後3営業日以内に発送\n重量（梱包含む）:約220g\n目安栄養成分値（推定値）1個あたり エネルギー：320kcal たんぱく質：5.0g 脂質：21.0g 炭水化物：28.0g 食塩相当量：0.2g\n参考地：北海道\n特定原材料:卵、乳成分、小麦、大豆\n保存方法:要冷蔵（10℃以下で保存）',
        0,
        '2025-11-04 14:11:24',
        '2025-11-11 10:56:52'
    ),
    (
        38,
        'フルーツデコレーション',
        'ホールケーキ',
        3400,
        'uploads/e7f9d9e6a31b5243.png',
        '内容量:1個（約120g）\n箱サイズ:縦13cm × 横10cm × 高さ6cm\n賞味期限:冷蔵(製造日より3日間)\nお届け日:冷蔵便で発送。注文確定後3営業日以内に発送\n重量（梱包含む）:約220g\n目安栄養成分値（推定値）1個あたり エネルギー：320kcal たんぱく質：5.0g 脂質：21.0g 炭水化物：28.0g 食塩相当量：0.2g\n参考地：北海道\n特定原材料:卵、乳成分、小麦、大豆\n保存方法:要冷蔵（10℃以下で保存）',
        1,
        '2025-11-04 14:11:24',
        '2025-11-11 10:56:52'
    ),
    (
        39,
        'チョコチップクッキー',
        'クッキー',
        180,
        'uploads/e2da4405a0e3eb21.png',
        '内容量:1枚（約15g）\n箱サイズ:縦10cm × 横10cm × 高さ2cm\n賞味期限:常温(製造日より45日間)\nお届け日:常温便で発送。注文確定後3営業日以内に発送\n重量（梱包含む）:約30g\n目安栄養成分値（推定値）1枚あたり\nエネルギー：75kcalたんぱく質：1.0g脂質：4.0g炭水化物：8.5g食塩相当量：0.07g\n参考地：北海道\n特定原材料:卵、乳成分、小麦、大豆\n保存方法:直射日光、高温多湿を避け常温で保存',
        0,
        '2025-11-04 14:11:24',
        '2025-11-11 10:56:52'
    ),
    (
        40,
        'バタークッキー',
        'クッキー',
        160,
        'uploads/a66137bd1386d947.png',
        '内容量:1枚（約8g）\n箱サイズ:縦10cm × 横10cm × 高さ2cm\n賞味期限:常温(製造日より45日間)\nお届け日:常温便で発送。注文確定後3営業日以内に発送\n重量（梱包含む）:約25g\n目安栄養成分値（推定値）1枚あたり\nエネルギー：45kcalたんぱく質：0.7g脂質：3.0g炭水化物：4.0g食塩相当量：0.04g\n参考地：北海道\n特定原材料:卵、乳成分、小麦\n保存方法:直射日光、高温多湿を避け常温で保存',
        0,
        '2025-11-04 14:11:24',
        '2025-11-11 10:56:52'
    ),
    (
        41,
        'アーモンドクッキー',
        'クッキー',
        180,
        'uploads/17cdaca2c7fcc19a.png',
        '内容量:1枚（約10g）\n箱サイズ:縦10cm × 横10cm × 高さ2cm\n賞味期限:常温(製造日より45日間)\nお届け日:常温便で発送。注文確定後3営業日以内に発送\n重量（梱包含む）:約25g\n目安栄養成分値（推定値）1枚あたり\nエネルギー：55kcalたんぱく質：1.5g脂質：3.5g炭水化物：4.0g食塩相当量：0.07g\n参考地：北海道\n特定原材料:卵、乳成分、小麦、アーモンド\n保存方法:直射日光、高温多湿を避け常温で保存',
        0,
        '2025-11-04 14:11:24',
        '2025-11-11 10:56:52'
    ),
    (
        42,
        '抹茶クッキー',
        'クッキー',
        170,
        'uploads/de7e49bb6c9f54ea.png',
        '内容量:1枚（約10g）\n箱サイズ:縦10cm × 横10cm × 高さ2cm\n賞味期限:常温(製造日より45日間)\nお届け日:常温便で発送。注文確定後3営業日以内に発送\n重量（梱包含む）:約25g\n目安栄養成分値（推定値）1枚あたり\nエネルギー：50kcalたんぱく質：1.0g脂質：3.0g炭水化物：5.0g食塩相当量：0.07g\n参考地：北海道\n特定原材料:卵、乳成分、小麦\n保存方法:直射日光、高温多湿を避け常温で保存',
        0,
        '2025-11-04 14:11:24',
        '2025-11-11 10:56:52'
    ),
    (
        43,
        'ココナッツクッキー',
        'クッキー',
        170,
        'uploads/f7813a8e769a67c7.png',
        '内容量:1枚（約8g）\n箱サイズ:縦10cm × 横10cm × 高さ2cm\n賞味期限:常温(製造日より45日間)\nお届け日:常温便で発送。注文確定後3営業日以内に発送\n重量（梱包含む）:約25g\n目安栄養成分値（推定値）1枚あたり\nエネルギー：45kcalたんぱく質：0.7g脂質：3.0g炭水化物：4.0g食塩相当量：0.04g\n参考地：北海道\n特定原材料:卵、乳成分、小麦、ココナッツ\n保存方法:直射日光、高温多湿を避け常温で保存',
        0,
        '2025-11-04 14:11:24',
        '2025-11-11 10:56:52'
    ),
    (
        44,
        'オートミールクッキー',
        'クッキー',
        180,
        'uploads/164f412bff649638.png',
        '内容量:1枚（約15g）\n箱サイズ:縦10cm × 横10cm × 高さ2cm\n賞味期限:常温(製造日より45日間)\nお届け日:常温便で発送。注文確定後3営業日以内に発送\n重量（梱包含む）:約30g\n目安栄養成分値（推定値）1枚あたり\nエネルギー：70kcalたんぱく質：1.5g脂質：3.0g炭水化物：9.0g食塩相当量：0.08g\n参考地：北海道\n特定原材料:卵、乳成分、小麦、大豆、オーツ麦\n保存方法:直射日光、高温多湿を避け常温で保存',
        0,
        '2025-11-04 14:11:24',
        '2025-11-11 10:56:52'
    ),
    (
        45,
        'ジンジャークッキー',
        'クッキー',
        170,
        'uploads/de044c9bd793bfb9.png',
        '内容量:1枚（約8g）\n箱サイズ:縦10cm × 横10cm × 高さ2cm\n賞味期限:常温(製造日より45日間)\nお届け日:常温便で発送。注文確定後3営業日以内に発送\n重量（梱包含む）:約25g\n目安栄養成分値（推定値）1枚あたり\nエネルギー：40kcalたんぱく質：0.7g脂質：2.0g炭水化物：5.0g食塩相当量：0.04g\n参考地：北海道\n特定原材料:卵、乳成分、小麦\n保存方法:直射日光、高温多湿を避け常温で保存',
        0,
        '2025-11-04 14:11:24',
        '2025-11-11 10:56:52'
    ),
    (
        46,
        'サブレ',
        'クッキー',
        160,
        'uploads/cb1d02ced115392f.png',
        '内容量:1枚（約10g）\n箱サイズ:縦10cm × 横10cm × 高さ2cm\n賞味期限:常温(製造日より45日間)\nお届け日:常温便で発送。注文確定後3営業日以内に発送\n重量（梱包含む）:約25g\n目安栄養成分値（推定値）1枚あたり\nエネルギー：50kcalたんぱく質：1.0g脂質：3.0g炭水化物：4.5g食塩相当量：0.07g\n参考地：北海道\n特定原材料:卵、乳成分、小麦\n保存方法:直射日光、高温多湿を避け常温で保存',
        0,
        '2025-11-04 14:11:24',
        '2025-11-11 10:56:52'
    ),
    (
        47,
        'トリュフチョコ',
        'チョコレート',
        320,
        'uploads/714475198e465229.png',
        '内容量:1個（約120g）\n箱サイズ:縦13cm × 横10cm × 高さ6cm\n賞味期限:冷蔵(製造日より3日間)\nお届け日:冷蔵便で発送。注文確定後3営業日以内に発送\n重量（梱包含む）:約220g\n目安栄養成分値（推定値）1個あたり エネルギー：320kcal たんぱく質：5.0g 脂質：21.0g 炭水化物：28.0g 食塩相当量：0.2g\n参考地：北海道\n特定原材料:卵、乳成分、小麦、大豆\n保存方法:要冷蔵（10℃以下で保存）',
        0,
        '2025-11-04 14:11:24',
        '2025-11-11 10:56:52'
    ),
    (
        48,
        '生チョコ',
        'チョコレート',
        340,
        'uploads/0b5c8c5403d04401.png',
        '内容量:1個（約120g）\n箱サイズ:縦13cm × 横10cm × 高さ6cm\n賞味期限:冷蔵(製造日より3日間)\nお届け日:冷蔵便で発送。注文確定後3営業日以内に発送\n重量（梱包含む）:約220g\n目安栄養成分値（推定値）1個あたり エネルギー：320kcal たんぱく質：5.0g 脂質：21.0g 炭水化物：28.0g 食塩相当量：0.2g\n参考地：北海道\n特定原材料:卵、乳成分、小麦、大豆\n保存方法:要冷蔵（10℃以下で保存）',
        0,
        '2025-11-04 14:11:24',
        '2025-11-11 10:56:52'
    ),
    (
        49,
        'オレンジピールチョコ',
        'チョコレート',
        300,
        'uploads/b4f1c3007ece3e56.png',
        '内容量:1個（約120g）\r\n箱サイズ:縦13cm × 横10cm × 高さ6cm\r\n賞味期限:冷蔵(製造日より3日間)\r\nお届け日:冷蔵便で発送。注文確定後3営業日以内に発送\r\n重量（梱包含む）:約220g\r\n目安栄養成分値（推定値）1個あたり エネルギー：320kcal たんぱく質：5.0g 脂質：21.0g 炭水化物：28.0g 食塩相当量：0.2g\r\n参考地：北海道\r\n特定原材料:卵、乳成分、小麦、大豆\r\n保存方法:要冷蔵（10℃以下で保存）',
        0,
        '2025-11-04 14:11:24',
        '2025-12-02 19:41:16'
    ),
    (
        50,
        '抹茶チョコ',
        'チョコレート',
        300,
        'uploads/7147c07daddeda32.png',
        '内容量:1個（約120g）\n箱サイズ:縦13cm × 横10cm × 高さ6cm\n賞味期限:冷蔵(製造日より3日間)\nお届け日:冷蔵便で発送。注文確定後3営業日以内に発送\n重量（梱包含む）:約220g\n目安栄養成分値（推定値）1個あたり エネルギー：320kcal たんぱく質：5.0g 脂質：21.0g 炭水化物：28.0g 食塩相当量：0.2g\n参考地：北海道\n特定原材料:卵、乳成分、小麦、大豆\n保存方法:要冷蔵（10℃以下で保存）',
        0,
        '2025-11-04 14:11:24',
        '2025-11-11 10:56:52'
    ),
    (
        51,
        'ラズベリーチョコ',
        'チョコレート',
        300,
        'uploads/a7e961626747c4e1.png',
        '内容量:1個（約120g）\r\n箱サイズ:縦13cm × 横10cm × 高さ6cm\r\n賞味期限:冷蔵(製造日より3日間)\r\nお届け日:冷蔵便で発送。注文確定後3営業日以内に発送\r\n重量（梱包含む）:約220g\r\n目安栄養成分値（推定値）1個あたり エネルギー：320kcal たんぱく質：5.0g 脂質：21.0g 炭水化物：28.0g 食塩相当量：0.2g\r\n参考地：北海道\r\n特定原材料:卵、乳成分、小麦、大豆\r\n保存方法:要冷蔵（10℃以下で保存）',
        0,
        '2025-11-04 14:11:24',
        '2025-12-02 19:41:26'
    ),
    (
        52,
        'ミルクチョコバー',
        'チョコレート',
        280,
        'uploads/c5454a218f430405.png',
        '内容量:1個（約120g）\n箱サイズ:縦13cm × 横10cm × 高さ6cm\n賞味期限:冷蔵(製造日より3日間)\nお届け日:冷蔵便で発送。注文確定後3営業日以内に発送\n重量（梱包含む）:約220g\n目安栄養成分値（推定値）1個あたり エネルギー：320kcal たんぱく質：5.0g 脂質：21.0g 炭水化物：28.0g 食塩相当量：0.2g\n参考地：北海道\n特定原材料:卵、乳成分、小麦、大豆\n保存方法:要冷蔵（10℃以下で保存）',
        0,
        '2025-11-04 14:11:24',
        '2025-11-11 10:56:52'
    ),
    (
        53,
        'ビターチョコバー',
        'チョコレート',
        300,
        'uploads/23d03eb8ff25bd58.png',
        '内容量:1個（約120g）\n箱サイズ:縦13cm × 横10cm × 高さ6cm\n賞味期限:冷蔵(製造日より3日間)\nお届け日:冷蔵便で発送。注文確定後3営業日以内に発送\n重量（梱包含む）:約220g\n目安栄養成分値（推定値）1個あたり エネルギー：320kcal たんぱく質：5.0g 脂質：21.0g 炭水化物：28.0g 食塩相当量：0.2g\n参考地：北海道\n特定原材料:卵、乳成分、小麦、大豆\n保存方法:要冷蔵（10℃以下で保存）',
        0,
        '2025-11-04 14:11:24',
        '2025-11-11 10:56:52'
    ),
    (
        54,
        'ナッツクランチチョコ',
        'チョコレート',
        320,
        'uploads/afe26b750246f793.png',
        '内容量:1個（約120g）\n箱サイズ:縦13cm × 横10cm × 高さ6cm\n賞味期限:冷蔵(製造日より3日間)\nお届け日:冷蔵便で発送。注文確定後3営業日以内に発送\n重量（梱包含む）:約220g\n目安栄養成分値（推定値）1個あたり エネルギー：320kcal たんぱく質：5.0g 脂質：21.0g 炭水化物：28.0g 食塩相当量：0.2g\n参考地：北海道\n特定原材料:卵、乳成分、小麦、大豆\n保存方法:要冷蔵（10℃以下で保存）',
        0,
        '2025-11-04 14:11:24',
        '2025-11-11 10:56:53'
    );

-- --------------------------------------------------------

--
-- Table structure for table `purchase`
--

CREATE TABLE `purchase` (
    `id` int NOT NULL,
    `customer_id` int NOT NULL,
    `created_at` datetime NOT NULL DEFAULT CURRENT_TIMESTAMP
) ENGINE = InnoDB DEFAULT CHARSET = utf8mb4 COLLATE = utf8mb4_0900_ai_ci;

--
-- Dumping data for table `purchase`
--

INSERT INTO
    `purchase` (
        `id`,
        `customer_id`,
        `created_at`
    )
VALUES (2, 4, '2025-10-24 12:17:48'),
    (3, 6, '2025-10-27 11:47:18'),
    (4, 7, '2025-10-29 11:42:10'),
    (5, 4, '2025-10-31 08:20:08'),
    (6, 4, '2025-10-31 11:11:34'),
    (7, 8, '2025-10-31 12:14:49'),
    (8, 8, '2025-10-31 12:19:45'),
    (11, 1, '2025-11-03 11:31:32'),
    (12, 4, '2025-11-03 12:32:42'),
    (13, 1, '2025-11-04 19:57:36'),
    (14, 1, '2025-11-04 20:04:14'),
    (15, 1, '2025-11-04 20:14:32'),
    (16, 14, '2025-11-05 11:46:22'),
    (17, 14, '2025-11-05 11:47:06'),
    (18, 14, '2025-11-05 12:26:34'),
    (19, 1, '2025-11-05 18:59:12'),
    (20, 1, '2025-11-07 07:48:26'),
    (21, 15, '2025-11-07 10:08:52'),
    (22, 15, '2025-11-07 10:33:07'),
    (23, 15, '2025-11-07 10:35:58'),
    (24, 15, '2025-11-07 10:39:01'),
    (25, 8, '2025-11-14 09:34:31'),
    (26, 7, '2025-11-14 09:57:46'),
    (27, 17, '2025-11-16 18:10:03'),
    (28, 1, '2025-11-21 10:08:53'),
    (29, 1, '2025-11-21 10:13:48'),
    (30, 18, '2025-11-28 11:34:23'),
    (31, 7, '2025-12-03 11:35:27'),
    (32, 7, '2025-12-03 12:42:20');

-- --------------------------------------------------------

--
-- Table structure for table `purchase_detail`
--

CREATE TABLE `purchase_detail` (
    `purchase_id` int NOT NULL,
    `product_id` int NOT NULL,
    `count` int NOT NULL
) ENGINE = InnoDB DEFAULT CHARSET = utf8mb4 COLLATE = utf8mb4_0900_ai_ci;

--
-- Dumping data for table `purchase_detail`
--

INSERT INTO
    `purchase_detail` (
        `purchase_id`,
        `product_id`,
        `count`
    )
VALUES (2, 1, 1),
    (3, 2, 1),
    (3, 4, 1),
    (4, 1, 1),
    (4, 3, 1),
    (5, 1, 1),
    (6, 1, 1),
    (7, 1, 1),
    (8, 2, 1),
    (11, 2, 1),
    (11, 7, 2),
    (11, 8, 1),
    (12, 8, 14),
    (13, 7, 1),
    (13, 8, 6),
    (14, 38, 1),
    (15, 28, 1),
    (16, 1, 1),
    (17, 3, 1),
    (18, 1, 1),
    (19, 21, 10),
    (19, 34, 1),
    (20, 7, 1),
    (21, 28, 1),
    (21, 32, 1),
    (22, 8, 2),
    (23, 8, 1),
    (24, 8, 1),
    (25, 8, 1),
    (26, 7, 1),
    (27, 51, 1),
    (28, 8, 1),
    (29, 8, 1),
    (30, 41, 1),
    (31, 8, 1),
    (32, 5, 1);

-- --------------------------------------------------------

--
-- Table structure for table `review`
--

CREATE TABLE `review` (
    `id` int NOT NULL,
    `product_id` int NOT NULL,
    `customer_id` int NOT NULL,
    `rating` tinyint NOT NULL,
    `comment` text,
    `created_at` datetime NOT NULL DEFAULT CURRENT_TIMESTAMP
);

--
-- Dumping data for table `review`
--

INSERT INTO
    `review` (
        `id`,
        `product_id`,
        `customer_id`,
        `rating`,
        `comment`,
        `created_at`
    )
VALUES (
        2,
        4,
        2,
        4,
        'チーズのコクがしっかり。紅茶と合います。',
        '2025-10-17 11:51:49'
    ),
    (
        3,
        1,
        4,
        3,
        'ミルキーミルクレープが最高でした！また買います。',
        '2025-10-31 08:35:05'
    ),
    (
        5,
        38,
        1,
        5,
        '見た目がとても華やかで、お祝いにぴったりでした！\r\nフルーツが新鮮で甘すぎず、家族みんなで美味しくいただきました。',
        '2025-11-04 20:05:34'
    ),
    (
        6,
        28,
        1,
        5,
        '口に入れた瞬間、ふわっと広がるコーヒーの香りがたまりません。\r\n午後のティータイムにぴったりのケーキです。',
        '2025-11-04 20:14:50'
    ),
    (
        7,
        28,
        15,
        3,
        'イチゴ',
        '2025-11-07 10:09:17'
    ),
    (
        8,
        8,
        15,
        1,
        'tasikani',
        '2025-11-07 10:34:32'
    ),
    (
        9,
        7,
        1,
        1,
        'あああああああああああああああああああああああああああああああああああああああああああああああああああああああああああああああああああああああああああああああああああああああああああああああああああああああああああああああああああああああああああああああああああああああああああああああああああああああああああああ',
        '2025-11-07 12:37:29'
    ),
    (
        10,
        7,
        7,
        1,
        'おいしいね！デリシャス',
        '2025-11-28 11:33:04'
    ),
    (
        11,
        41,
        18,
        5,
        '美味しかった❣',
        '2025-11-28 11:40:41'
    );

--
-- Indexes for dumped tables
--

--
-- Indexes for table `customer`
--
ALTER TABLE `customer`
ADD PRIMARY KEY (`id`),
ADD UNIQUE KEY `login` (`login`);

--
-- Indexes for table `favorite`
--
ALTER TABLE `favorite`
ADD PRIMARY KEY (`customer_id`, `product_id`),
ADD KEY `fk_fav_product` (`product_id`);

--
-- Indexes for table `product`
--
ALTER TABLE `product` ADD PRIMARY KEY (`id`);

--
-- Indexes for table `purchase`
--
ALTER TABLE `purchase`
ADD PRIMARY KEY (`id`),
ADD KEY `fk_purchase_customer` (`customer_id`);

--
-- Indexes for table `purchase_detail`
--
ALTER TABLE `purchase_detail`
ADD PRIMARY KEY (`purchase_id`, `product_id`),
ADD KEY `fk_pd_product` (`product_id`);

--
-- Indexes for table `review`
--
ALTER TABLE `review`
ADD PRIMARY KEY (`id`),
ADD UNIQUE KEY `uniq_review_customer_product` (`product_id`, `customer_id`),
ADD KEY `fk_rev_customer` (`customer_id`);

--
-- AUTO_INCREMENT for dumped tables
--

--
-- AUTO_INCREMENT for table `customer`
--
ALTER TABLE `customer`
MODIFY `id` int NOT NULL AUTO_INCREMENT,
AUTO_INCREMENT = 19;

--
-- AUTO_INCREMENT for table `product`
--
ALTER TABLE `product`
MODIFY `id` int NOT NULL AUTO_INCREMENT,
AUTO_INCREMENT = 56;

--
-- AUTO_INCREMENT for table `purchase`
--
ALTER TABLE `purchase`
MODIFY `id` int NOT NULL AUTO_INCREMENT,
AUTO_INCREMENT = 33;

--
-- AUTO_INCREMENT for table `review`
--
ALTER TABLE `review` MODIFY `id` int NOT NULL AUTO_INCREMENT;

--
-- Constraints for dumped tables
--

--
-- Constraints for table `favorite`
--
ALTER TABLE `favorite`
ADD CONSTRAINT `fk_fav_customer` FOREIGN KEY (`customer_id`) REFERENCES `customer` (`id`) ON DELETE CASCADE ON UPDATE CASCADE,
ADD CONSTRAINT `fk_fav_product` FOREIGN KEY (`product_id`) REFERENCES `product` (`id`) ON DELETE CASCADE ON UPDATE CASCADE;

--
-- Constraints for table `purchase`
--
ALTER TABLE `purchase`
ADD CONSTRAINT `fk_purchase_customer` FOREIGN KEY (`customer_id`) REFERENCES `customer` (`id`) ON DELETE CASCADE ON UPDATE CASCADE;

--
-- Constraints for table `purchase_detail`
--
ALTER TABLE `purchase_detail`
ADD CONSTRAINT `fk_pd_product` FOREIGN KEY (`product_id`) REFERENCES `product` (`id`) ON DELETE RESTRICT ON UPDATE CASCADE,
ADD CONSTRAINT `fk_pd_purchase` FOREIGN KEY (`purchase_id`) REFERENCES `purchase` (`id`) ON DELETE CASCADE ON UPDATE CASCADE;

--
-- Constraints for table `review`
--
ALTER TABLE `review`
ADD CONSTRAINT `fk_rev_customer` FOREIGN KEY (`customer_id`) REFERENCES `customer` (`id`) ON DELETE CASCADE ON UPDATE CASCADE,
ADD CONSTRAINT `fk_rev_product` FOREIGN KEY (`product_id`) REFERENCES `product` (`id`) ON DELETE CASCADE ON UPDATE CASCADE;

COMMIT;

/*!40101 SET CHARACTER_SET_CLIENT=@OLD_CHARACTER_SET_CLIENT */
;
/*!40101 SET CHARACTER_SET_RESULTS=@OLD_CHARACTER_SET_RESULTS */
;
/*!40101 SET COLLATION_CONNECTION=@OLD_COLLATION_CONNECTION */
;